"Crude Name","Acronym","Date","Batch #","Location","Density (kg/m^3)","Gravity (deg. API)","Sulphur (wt%)","MCR (wt%)","Sediment (ppmw)","TAN (mgKOH/g)","Salt (ptb)","Nickel (mg/kg)","Vanadium (mg/kg)","Olefins (wt%)","C3- (vol%)","Butanes (vol%)","Pentanes (vol%)","Hexanes (vol%)","Heptanes (vol%)","Octanes (vol%)","Nonanes (vol%)","Decanes (vol%)","Benzene (vol%)","Toluene (vol%)","Ethyl Benzene (vol%)","Xylenes (vol%)","C3- (mass%)","Butanes (mass%)","Pentanes (mass%)","Hexanes (mass%)","Heptanes (mass%)","Octanes (mass%)","Nonanes (mass%)","Decanes (mass%)","Benzene (mass%)","Toluene (mass%)","Ethyl Benzene (mass%)","Xylenes (mass%)","5% Off (deg. C)","10% Off (deg. C)","20% Off (deg. C)","30% Off (deg. C)","40% Off (deg. C)","50% Off (deg. C)","60% Off (deg. C)","70% Off (deg. C)","80% Off (deg. C)","90% Off (deg. C)","95% Off (deg. C)","99% Off (deg. C)","100% Off (deg. C)"
"Conventional Heavy","CHV","2020-12-06","CHV-819","Superior","923.6","21.6","3.21","10.1","","1.07","","49.6","115","","0.09","2.75","5.18","4.2","3.08","2.75","1.88","0.89","0.11","0.27","0.08","0.34","0.05","1.73","3.52","3.02","2.29","2.1","1.47","0.71","0.11","0.25","0.08","0.32","","","","","","","","","","","","",""
"Conventional Heavy","CHV","2020-11-12","CHV-862","Superior","916.7","22.7","3.28","9.2","","0.86","","47.3","108","","0.13","2.59","4.11","3.55","2.81","2.65","1.87","1.01","0.09","0.22","0.09","0.3","0.07","1.65","2.81","2.57","2.11","2.04","1.47","0.81","0.09","0.21","0.09","0.28","45","113.6","220.5","308.9","379.3","443.9","517.4","602.6","708.3","","","",""
"Conventional Heavy","CHV","2020-10-09","CHV-830","Superior","932.1","20.2","3.69","10","197.3","1.05","10.7","53.4","118","ND","0.07","2.23","3.93","3.16","2.45","2.1","1.41","0.7","0.09","0.24","0.06","0.3","0.04","1.39","2.65","2.25","1.81","1.59","1.09","0.55","0.09","0.22","0.06","0.28","","","","","","","","","","","","",""
"Conventional Heavy","CHV","2020-09-15","CHV-903","Superior","933.4","20","3.47","9.9","","1.08","","49","119","","0.07","2.18","4.36","3.32","2.43","1.97","1.32","0.69","0.11","0.25","0.05","0.3","0.04","1.36","2.93","2.36","1.79","1.49","1.02","0.54","0.1","0.23","0.05","0.28","41.3","146.2","279.4","352.8","417.2","479.6","550","628.9","712.7","","","",""
"Conventional Heavy","CHV","2020-08-11","CHV-847","Superior","934.8","19.7","3.46","9.6","","1.05","","55.7","116","","0.04","1.37","4.03","3.61","2.9","2.51","1.74","0.85","0.12","0.3","0.06","0.4","0.02","0.85","2.71","2.56","2.13","1.9","1.34","0.67","0.11","0.28","0.06","0.37","","","","","","","","","","","","",""
"Conventional Heavy","CHV","2020-07-11","CHV-691","Superior","929.3","20.6","3.46","10.1","186.9","1.03","8","51.7","125","","0.07","1.73","4.49","3.88","3","2.59","1.69","0.86","0.13","0.29","0.07","0.38","0.04","1.08","3.04","2.77","2.22","1.97","1.31","0.68","0.12","0.27","0.07","0.35","71.7","131.1","254.5","336.3","408.2","473","545","626.6","717.5","","","",""
"Conventional Heavy","CHV","2020-06-09","CHV-843","Superior","930.5","20.4","3.17","10.8","","1.16","","52.4","121","","0.11","2.33","6.89","5.23","3.55","2.88","1.72","0.85","0.16","0.34","0.09","0.39","0.06","1.46","4.65","3.73","2.62","2.19","1.33","0.67","0.15","0.32","0.08","0.36","","","","","","","","","","","","",""
"Conventional Heavy","CHV","2020-05-21","CHV-836","Superior","919.6","22.2","3.26","10.6","","1.11","","55.8","125","","0.07","1.8","4.51","3.56","2.58","2.12","1.26","0.61","0.11","0.26","0.06","0.29","0.04","1.14","3.08","2.57","1.93","1.63","0.99","0.49","0.11","0.25","0.06","0.27","36.5","73.2","203.4","316.2","395.8","462","529.6","608.8","705.8","","","",""
"Conventional Heavy","CHV","2020-03-15","CHV-967","Superior","920.4","22.1","3.48","9.7","","1.16","","50.8","130","","0.09","2.1","6.31","4.58","3.11","2.65","1.93","0.83","0.08","0.11","0.03","0.14","0.05","1.33","4.31","3.3","2.32","2.03","1.51","0.66","0.08","0.1","0.03","0.13","55","109.4","246.1","331.2","402.9","467.6","540.4","625","713.2","","","",""
"Conventional Heavy","CHV","2020-02-03","CHV-768","Superior","924.1","21.5","3.23","9.6","","1.09","","44.3","113","","0.07","1.52","7.37","4.68","2.82","2.16","1.72","0.73","0.07","0.06","0.03","0.06","0.04","0.96","5.01","3.36","2.1","1.65","1.34","0.58","0.07","0.06","0.03","0.06","","","","","","","","","","","","",""
"Conventional Heavy","CHV","2020-01-09","CHV-821","Superior","921.7","21.9","3.59","9.7","180","1.03","7.4","54","130","","0.07","1.78","4.74","3.75","2.52","1.88","1.37","0.55","0.13","0.23","0.05","0.21","0.04","1.13","3.23","2.7","1.88","1.44","1.07","0.44","0.12","0.22","0.05","0.2","38.4","81.7","217","313","387.4","456.3","533.8","622.1","715.3","","","",""
"Conventional Heavy","CHV","2019-12-06","CHV-826","Superior","923.3","21.6","3.26","10","","1.14","","49.6","119","","0.07","2.14","5.64","4.18","3","1.9","1.09","","0.1","0.25","0.03","0.32","0.04","1.35","3.84","3","2.23","1.45","0.85","-","0.1","0.24","0.03","0.3","36.1","101.6","238.5","333.7","403.4","469.6","541.7","618.9","710.5","","","",""
"Conventional Heavy","CHV","2019-11-09","CHV-610","Superior","927.2","21","3.39","10.1","","0.99","","49.3","115","","0.09","2.29","4.74","3.75","2.7","1.69","1.08","","0.09","0.21","0.03","0.3","0.05","1.44","3.21","2.68","2","1.29","0.84","-","0.09","0.2","0.03","0.28","40.5","101.7","256.5","342.6","412.3","475.8","543.6","619.5","709.3","","","",""
"Conventional Heavy","CHV","2019-10-04","CHV-795","Superior","933.5","20","3.58","10.1","296.8","1.09","13.8","47.7","126","","0.04","1.76","5.45","3.63","3.31","1.68","1.06","","0.11","0.25","0.03","0.31","0.02","1.1","3.67","2.58","2.44","1.27","0.82","-","0.1","0.23","0.03","0.29","42","100.9","243.6","330.5","401.8","463.6","529.6","606.4","698.5","","","",""
"Conventional Heavy","CHV","2019-09-05","CHV-936","Superior","936.6","19.5","3.27","11.1","","1.18","","52.4","121","","0.07","1.71","7.03","4.93","3.56","2.25","1.44","","0.14","0.34","0.03","0.4","0.04","1.07","4.72","3.49","2.61","1.7","1.11","-","0.13","0.32","0.03","0.37","36.1","86.1","194.9","306.7","385.4","448.6","505.9","569.2","643.1","","","",""
"Conventional Heavy","CHV","2019-08-02","CHV-786","Superior","929.6","20.6","3.47","10.2","","1.01","","51.9","127","","0.07","1.6","5.56","3.71","2.23","1.37","1.38","","0.12","0.28","0.02","0.08","0.04","1","3.76","2.65","1.65","1.04","1.07","-","0.11","0.26","0.02","0.07","49.2","99.2","241.2","327.1","397.9","461.3","528.2","604.4","693.3","","","",""
"Conventional Heavy","CHV","2019-07-04","CHV-866","Superior","929.2","20.7","3.76","9.8","182.9","","9.9","57.3","140","","0.06","1.61","7.6","4.38","3.6","1.82","1.12","","0.14","0.29","0.03","0.33","0.03","1.01","5.14","3.13","2.66","1.38","0.87","-","0.13","0.27","0.03","0.31","36.1","86.1","216.6","314.5","384.2","447.8","515.8","594.3","684","","","",""
"Conventional Heavy","CHV","2019-06-02","CHV-777","Superior","925.8","21.2","3.42","9.9","","1.1","","51.4","120","","0.07","2.37","5.4","3.98","3.08","1.52","1.03","","0.13","0.29","0.03","0.34","0.04","1.49","3.66","2.85","2.29","1.16","0.8","-","0.12","0.27","0.03","0.32","36.1","100.9","233.5","321.9","393.4","457.5","525.7","604.9","696.5","","","",""
"Conventional Heavy","CHV","2019-05-22","CHV-963","Superior","922.2","21.8","3.6","9.6","","1.1","","55.6","141","","0.07","2.18","3.03","4.23","2.87","1.71","1.06","","0.14","0.29","0.03","0.34","0.04","1.38","2.76","3.04","2.14","1.31","0.83","-","0.13","0.27","0.03","0.32","36.1","76.7","214","311.9","381.2","443.8","513.4","595.3","688.8","","","",""
"Conventional Heavy","CHV","2019-04-04","CHV-902","Superior","925.2","21.3","3.33","9.8","210.8","1.12","18.5","43.9","110","ND","0.04","1.13","7.84","3.86","3.16","1.3","0.85","","0.13","0.21","0.05","0.26","0.02","0.71","5.32","2.77","2.35","0.99","0.66","-","0.12","0.2","0.05","0.24","36.1","90","231.8","320.9","392.8","457","526.6","607.1","696.8","","","",""
"Conventional Heavy","CHV","2019-03-04","CHV-825","Superior","923.2","21.6","3.63","9.9","","1","","51.2","124","","0.07","2.12","5.27","3.88","2.94","1.79","1.19","","0.1","0.26","0.03","0.35","0.04","1.34","3.59","2.79","2.19","1.37","0.93","-","0.1","0.25","0.03","0.33","38.3","97","231","320.6","394.9","461.2","533.5","618.1","710.1","","","",""
"Conventional Heavy","CHV","2019-02-08","CHV-999","Superior","922.4","21.8","3.48","9.6","","1.1","","49.9","125","","0.07","1.74","5.43","4.21","3.39","1.83","1.24","","0.13","0.29","0.07","0.38","0.04","1.1","3.7","3.03","2.53","1.4","0.97","-","0.12","0.27","0.07","0.36","54.2","100.9","246.8","328.9","396.3","457.8","524","598.5","686.9","","","",""
"Conventional Heavy","CHV","2019-01-04","CHV-697","Superior","921.8","21.9","3.52","9.6","242.1","1.27","11.8","51.1","136","","0.09","1.66","5.84","4.61","3.46","2.05","1.16","","0.15","0.36","0.06","0.4","0.05","1.05","3.98","3.32","2.58","1.57","0.91","-","0.14","0.34","0.06","0.38","36.1","99.2","225.9","315.2","386.4","451.5","521.8","603.8","697","","","",""
"Conventional Heavy","CHV","2018-12-05","CHV-600","Superior","924.6","21.4","3.5","9.4","","1.23","","50.4","123","","0.13","2.96","5.27","4.21","3.28","2.12","1.26","","0.13","0.31","0.07","0.41","0.07","1.87","3.58","3.02","2.44","1.62","0.98","-","0.12","0.29","0.07","0.38","36.1","99.2","251.7","330.2","397.1","457.7","524.7","603.5","692.9","","","",""
"Conventional Heavy","CHV","2018-11-02","CHV-929","Superior","929","20.7","3.61","10.2","","1.19","","57.8","133","","0.07","1.45","5.04","4.23","3.18","1.74","1.16","","0.14","0.3","0.06","0.34","0.04","0.91","3.41","3.02","2.35","1.32","0.9","-","0.13","0.28","0.06","0.32","60.3","100.9","240.1","326.2","395.5","458.3","527.9","606.5","692.8","","","",""
"Conventional Heavy","CHV","2018-10-03","CHV-904","Superior","931.9","20.2","3.63","10.2","231.1","1.24","12.6","52.2","125","","0","0.69","3.97","4.06","3.55","1.99","1.34","","0.13","0.33","0.07","0.39","0","0.43","2.68","2.89","2.62","1.51","1.04","-","0.12","0.31","0.07","0.36","70.6","133.8","268.1","348","417.4","482.5","556.3","638.7","718.9","","","",""
"Conventional Heavy","CHV","2018-09-04","CHV-765","Superior","934.7","19.8","3.58","10.9","","1.26","","55.4","131","","0.06","1.16","5.44","3.66","3.47","1.85","1.08","","0.12","0.27","0.06","0.32","0.03","0.72","3.65","2.6","2.55","1.4","0.83","-","0.11","0.25","0.06","0.3","60.3","113.5","251.2","344.1","415.3","476.5","543.3","620.2","706.8","","","",""
"Conventional Heavy","CHV","2018-08-14","CHV-865","Superior","931.8","20.2","3.35","10.4","","1.24","","51","118","","0.07","1.6","6.14","4.02","2.89","1.57","0.99","","0.12","0.27","0.05","0.31","0.04","1","4.14","2.86","2.13","1.19","0.77","-","0.11","0.25","0.05","0.29","38.4","97.7","244.2","336.9","407.8","468","530.8","602.1","689.2","","","",""
"Conventional Heavy","CHV","2018-07-03","CHV-806","Superior","931.3","20.3","3.27","11.1","327.6","1.1","7.9","51.4","119","","0.09","1.38","7","4.6","3.18","1.58","1.08","","0.13","0.26","0.02","0.3","0.05","0.87","4.72","3.28","2.35","1.2","0.84","-","0.12","0.24","0.02","0.28","36.8","67.4","241.7","346.5","418.3","480.5","543.1","612.5","697","","","",""
"Conventional Heavy","CHV","2018-06-08","CHV-876","Superior","927.9","20.9","3.26","10.3","","1.28","","51.2","124","","0.07","1.53","6.98","4.8","3.47","1.76","1.11","","0.14","0.31","0.06","0.35","0.04","0.96","4.72","3.43","2.57","1.34","0.86","-","0.13","0.29","0.06","0.33","36.1","90","218.4","322.9","400.9","467.6","538.2","619.6","712.7","","","",""
"Conventional Heavy","CHV","2018-05-02","CHV-914","Superior","921.6","21.9","3.39","9.1","","1.17","","45.8","112","","0.11","2.07","6.19","4.43","3.39","1.71","1.24","","0.14","0.32","0.03","0.37","0.06","1.31","4.22","3.19","2.53","1.31","0.97","-","0.13","0.3","0.03","0.35","36.1","91.8","210.8","303","372.6","435.6","504.5","589.1","688.7","","","",""
"Conventional Heavy","CHV","2018-04-04","CHV-726","Superior","922.5","21.8","3.27","10.9","245.5","1.21","5.6","51.3","130","ND","0.11","1.5","8.09","5.21","3.5","1.71","1.14","","0.15","0.3","0.02","0.34","0.06","0.95","5.51","3.75","2.61","1.31","0.89","-","0.14","0.28","0.02","0.32","36.1","76.7","203.6","321.6","399.8","462.9","528.7","600","683.3","","","",""
"Conventional Heavy","CHV","2018-03-03","CHV-603","Superior","927.5","20.9","3.49","9.8","","1.06","","46.6","120","","0.15","2.67","6.75","5.09","3.89","2.35","1.58","","0.14","0.29","0.04","0.37","0.08","1.68","4.57","3.64","2.88","1.79","1.23","-","0.13","0.27","0.04","0.35","36.1","77.5","254.6","338","409.4","471.5","539.1","616.5","707.8","","","",""
"Conventional Heavy","CHV","2018-02-01","CHV-952","Superior","925.3","21.3","3.46","11.3","","1.16","","52.2","128","","0.05","1.21","7.88","5.3","3.31","1.93","1.09","","0.15","0.29","0.05","0.31","0.03","0.76","5.35","3.8","2.46","1.47","0.85","-","0.14","0.27","0.05","0.29","36.1","80.9","257.5","355.7","426.8","493.5","562.6","638.3","719.7","","","",""
"Conventional Heavy","CHV","2018-01-05","CHV-710","Superior","925.6","21.2","3.26","10.5","294.3","0.97","5.1","51.6","127","","0.15","2.11","6.98","4.97","3.45","2.25","1.22","","0.14","0.29","0.06","0.34","0.08","1.33","4.74","3.56","2.56","1.72","0.95","-","0.13","0.27","0.06","0.32","36.1","80.9","206.1","314.9","392.7","457","522.2","595.2","680.7","","","",""
"Conventional Heavy","CHV","2017-12-04","CHV-770","Superior","925.6","21.2","3.36","10.7","","1.07","","52.1","128","","0.11","2.16","6.4","4.44","2.98","1.85","1.03","","0.13","0.26","0.04","0.3","0.06","1.36","4.35","3.18","2.21","1.41","0.8","-","0.12","0.24","0.04","0.28","37.1","87.2","230.8","325.9","395.7","459.1","528.3","600.9","686.9","","","",""
"Conventional Heavy","CHV","2017-11-02","CHV-903","Superior","931.5","20.3","3.17","9.9","","1.03","","43.2","104","","0.09","1.83","5.18","3.36","2.36","1.44","0.98","","0.09","0.2","0.03","0.25","0.05","1.14","3.49","2.39","1.74","1.09","0.76","-","0.09","0.19","0.03","0.23","60.3","115.9","255.4","336.2","405.8","467.6","536","615.3","702.9","","","",""
"Conventional Heavy","CHV","2017-10-04","CHV-858","Superior","930.6","20.4","3.5","10","351","0.89","23.6","50","115","","0.09","2.64","4.08","3.37","2.65","1.67","1.08","","0.09","0.25","0.05","0.3","0.05","1.65","2.76","2.4","1.96","1.27","0.84","-","0.09","0.23","0.05","0.28","60.3","141.8","268","347.6","417.1","481.1","553","634.5","718.1","","","",""
"Conventional Heavy","CHV","2017-09-07","CHV-833","Superior","934.7","19.8","3.39","11","","1.17","","51.8","118","","0.06","2.03","5.59","3.94","2.81","1.79","1.02","","0.11","0.24","0.05","0.28","0.03","1.27","3.75","2.8","2.07","1.35","0.79","-","0.1","0.22","0.05","0.26","36.1","100.9","266.4","353.9","420.8","486","548.2","615.7","701.3","","","",""
"Conventional Heavy","CHV","2017-08-03","CHV-743","Superior","933.5","20","3.35","10.9","","1.22","","48.3","111","","0.07","1.82","5.94","3.94","2.68","1.69","1.04","","0.11","0.23","0.02","0.26","0.04","1.14","4","2.8","1.97","1.28","0.8","-","0.1","0.21","0.02","0.24","36.1","100.9","256.3","346.6","414.6","472.7","533.4","599.6","679","","","",""
"Conventional Heavy","CHV","2017-07-09","B771154:RU2166","Superior","930.2","20.5","3.31","10.2","252","1.21","16.4","52.5","117","","0.09","2.33","5.57","3.86","2.54","1.49","1.04","","0.12","0.23","0.01","0.27","0.05","1.46","3.76","2.75","1.88","1.13","0.81","-","0.11","0.22","0.01","0.25","36.1","100.9","254.9","332.4","398.1","457.4","524","598.8","684.9","","","",""
"Conventional Heavy","CHV","2017-06-02","CHV-904","Superior","920.9","22","3.28","9.6","","0.88","","45.8","97.6","","0.11","2.39","4.96","3.5","2.38","1.73","1.33","","0.09","0.21","0.04","0.28","0.06","1.51","3.38","2.52","1.78","1.33","1.04","-","0.09","0.2","0.04","0.26","36.1","115.6","239.5","322.4","391.9","454.1","520.8","599.6","691.8","","","",""
"Conventional Heavy","CHV","2017-05-04","CHV-927","Superior","923.2","21.6","3.06","9.9","","1.03","","39.7","99.5","","0.07","1.99","5.4","3.41","3.1","1.73","1.11","","0.1","0.23","0.06","0.31","0.04","1.26","3.67","2.45","2.31","1.32","0.87","-","0.1","0.22","0.06","0.29","36.3","100.9","235.4","323.8","396.8","458.6","521.7","594.1","681.6","","","",""
"Conventional Heavy","CHV","2017-04-02","CHV-611","Superior","921.5","21.9","3.29","9.9","196.6","0.96","3.7","52.7","106","","0.11","2.48","6.69","3.92","3.34","1.77","1.12","","0.13","0.25","0.06","0.3","0.06","1.57","4.56","2.82","2.49","1.36","0.88","-","0.12","0.24","0.06","0.28","36.1","90.1","215.8","308.9","380.7","442.3","505","575.1","657.6","","","",""
"Conventional Heavy","CHV","2017-03-08","CHV-776","Superior","926.2","21.1","3.28","9.6","","0.97","","45.8","107","","0.11","2.24","4.83","3.36","3.18","1.72","1.28","","0.09","0.24","0.06","0.34","0.06","1.41","3.28","2.41","2.36","1.31","1","-","0.09","0.23","0.06","0.32","49.3","110.6","245.5","329.1","400.3","460.9","523.4","594.9","681.9","","","",""
"Conventional Heavy","CHV","2017-02-18","CHV-633","Superior","925.4","21.3","3.04","9.9","","0.97","","40.9","97.7","ND","0.11","2.51","5.66","3.67","3.43","1.51","1.13","","0.1","0.27","0.06","0.34","0.06","1.58","3.84","2.63","2.55","1.15","0.88","-","0.1","0.25","0.06","0.32","36.1","98.4","232.4","317.7","387.5","448.7","510.6","581.2","663.6","","","",""
"Conventional Heavy","CHV","2017-01-05","CHV-610","Superior","928.2","20.8","3.36","9.6","236.9","1.04","16.8","41.1","107","","0.09","2.18","4.4","3.06","3.39","1.55","1.2","","0.11","0.26","0.06","0.37","0.05","1.37","2.98","2.19","2.51","1.18","0.93","-","0.1","0.24","0.06","0.35","60.3","119.4","241.5","318.8","382.5","441.8","512.5","586.2","669.3","","","",""
"Conventional Heavy","CHV","2016-12-04","CHV-795","Superior","928.2","20.8","3.16","9.3","178","1.25","12.4","45.4","109","","0.05","1.88","4.62","3.11","2.97","1.21","1","","0.13","0.21","0.03","0.27","0.03","1.19","3.13","2.22","2.2","0.92","0.78","-","0.12","0.2","0.03","0.25","60.3","123.6","249.3","326.6","394","455.5","524.2","603.8","693.5","","","",""
"Conventional Heavy","CHV","2016-11-07","CHV-808","Superior","930.2","20.5","3.16","9.5","","1.15","","39.3","103","","0.09","2.02","5.74","3.65","3.71","1.42","1.34","","0.13","0.28","0.04","0.36","0.05","1.27","3.88","2.6","2.74","1.08","1.04","-","0.12","0.26","0.04","0.34","36.1","98.4","216.7","300.5","366.2","429","494.3","570","654.2","","","",""
"Conventional Heavy","CHV","2016-10-13","CHV-605","Superior","930.2","20.5","3.26","9.8","","1.24","","54","128","","0.09","2.4","5.26","3.38","3.04","1.37","1.06","","0.12","0.26","0.04","0.31","0.05","1.51","3.55","2.41","2.25","1.04","0.82","-","0.11","0.24","0.04","0.29","36.1","100.9","236.1","316.5","382.7","444","511.3","588.8","674.5","","","",""
"Conventional Heavy","CHV","2016-09-03","CHV-602","Superior","933.2","20","3.41","9.5","186.9","1.12","20.1","50","123","","0.04","1.64","3.89","2.67","2.76","1.31","1","","0.1","0.19","0.03","0.24","0.02","1.03","2.62","1.9","2.03","0.99","0.77","-","0.09","0.18","0.03","0.22","68.7","150.8","263","327.8","380.6","428.5","499.6","570.3","648.3","","","",""
"Conventional Heavy","CHV","2016-08-01","CHV-887","Superior","931.7","20.2","3.5","10.1","","1.17","","53","134","","0.06","2","6.07","3.85","2.75","1.57","0.79","","0.12","0.22","0.03","0.24","0.03","1.25","4.09","2.74","2.03","1.19","0.61","-","0.11","0.21","0.03","0.22","36.1","100.9","252.4","329.8","395.1","454.2","519.3","594.2","677.9","","","",""
"Conventional Heavy","CHV","2016-07-03","CHV-840","Superior","928.6","20.8","3.09","9.5","","1.17","","47","115","","0.05","2.01","5.26","3.56","2.69","1.62","0.81","","0.11","0.22","0.02","0.26","0.03","1.26","3.56","2.54","1.99","1.23","0.63","-","0.1","0.21","0.02","0.24","49.3","117.7","255.9","332.2","398.4","458.3","526.6","601.9","682.1","","","",""
"Conventional Heavy","CHV","2016-06-03","CHV-645","Superior","925.3","21.3","3.32","9.5","184.4","1.11","22.4","49","126","ND","0.11","2.5","5.6","4.03","3.32","2.08","1.05","","0.13","0.31","0.04","0.36","0.06","1.58","3.8","2.89","2.47","1.59","0.82","-","0.12","0.29","0.04","0.34","36.1","98.4","231.7","315.2","383.3","445.9","518.7","600.2","691.9","","","",""
"Conventional Heavy","CHV","2016-05-06","CHV-750","Superior","927","21","3.34","9","","1.18","","47","123","","0.07","2.2","6.1","4.11","3.1","1.92","1.04","","0.12","0.26","0.04","0.32","0.04","1.38","4.13","2.94","2.3","1.46","0.81","-","0.11","0.24","0.04","0.3","36.1","98.4","221.3","304.5","370.5","432.2","501","580.7","668.6","","","",""
"Conventional Heavy","CHV","2016-04-09","CHV-885","Superior","924.4","21.4","3.35","9.5","","1.14","","52","122","","0.07","2.11","6.2","4.19","3.01","1.75","0.88","","0.12","0.25","0.03","0.29","0.04","1.33","4.21","3.01","2.24","1.34","0.69","-","0.11","0.24","0.03","0.27","36.1","93.5","240.1","324.9","394.9","459","530.4","613.3","703.9","","","",""
"Conventional Heavy","CHV","2016-03-01","CHV-625","Superior","922.9","21.7","3.04","9.1","99.4","1.18","17.9","45","114","","0.22","3.53","1.84","1.91","2.35","2.4","1.56","","0.03","0.15","0.1","0.34","0.12","2.23","1.25","1.37","1.75","1.84","1.22","-","0.03","0.14","0.09","0.32","60.3","117.7","232.6","310.5","375.9","439.5","508.5","593.3","691.3","","","",""
"Conventional Heavy","CHV","2016-02-11","CHV-822","Superior","923.2","21.6","3.31","9.6","","1.07","","53","133","","0.09","2.31","6.65","4.84","3.61","2.13","1.05","","0.15","0.33","0.06","0.36","0.05","1.46","4.52","3.48","2.69","1.63","0.82","-","0.14","0.31","0.06","0.34","36.1","84.1","218.4","310.3","380.9","446.2","518.1","601.3","693.9","","","",""
"Conventional Heavy","CHV","2016-01-02","CHV-868","Superior","925.8","21.2","3.12","9.1","","1.13","","45","109","","0.11","2.35","6.77","4.65","3.34","2.03","1.01","","0.13","0.26","0.04","0.32","0.06","1.48","4.59","3.33","2.48","1.55","0.79","-","0.12","0.24","0.04","0.3","36.1","86.2","220.5","307.9","376.1","439.7","505.7","583","668.1","","","",""
"Conventional Heavy","CHV","2015-12-09","CHV-922","Superior","928.9","20.7","3.5","9.5","230.3","1","15.8","48","124","","0.11","2.69","4.8","3.63","2.82","2.45","1.78","0.85","0.12","0.26","0.09","0.35","0.06","1.69","3.24","2.59","2.09","1.86","1.38","0.67","0.11","0.24","0.08","0.33","65.8","140","251.1","317.9","377.1","431.6","487.7","548","614.6","688.2","719","",""
"Conventional Heavy","CHV","2015-12-07","CHV-808","Superior","929.7","20.6","3.13","9.6","","1.01","","44","113","","0.09","1.72","4.23","3.38","2.53","1.99","1.26","0.62","0.12","0.27","0.05","0.3","0.05","1.08","2.86","2.41","1.87","1.51","0.98","0.49","0.11","0.25","0.05","0.28","64.5","138.2","250.5","316.8","374.7","428.1","481.5","539.6","603.7","674.7","708.4","",""
"Conventional Heavy","CHV","2015-11-05","CHV-670","Superior","934.8","19.7","3.79","9.2","","1.15","","51","136","","0.12","2.13","3.74","3.24","2.72","2.55","1.89","0.88","0.1","0.25","0.1","0.38","0.06","1.33","2.51","2.3","2","1.93","1.46","0.69","0.09","0.23","0.09","0.35","69.5","146.6","259.2","331.2","399.4","463.5","534.5","614.8","700.3","","","",""
"Conventional Heavy","CHV","2015-10-15","CHV-614","Superior","935.6","19.6","3.2","10.4","230.3","1.04","19.4","45","108","","0.07","2.61","5.15","3","1.91","1.39","0.93","0.43","0.06","0.08","0.02","0.08","0.04","1.63","3.46","2.13","1.4","1.05","0.72","0.34","0.06","0.07","0.02","0.07","37","116.9","273","351.9","419.3","482.3","551.4","628.8","714.2","","","",""
"Conventional Heavy","CHV","2015-09-03","CHV-697","Superior","935.6","19.6","3.66","9.7","","1.07","","54","138","ND","0.07","2.19","3.93","2.93","2.37","2.24","1.83","0.71","0.08","0.16","0.08","0.24","0.04","1.37","2.64","2.08","1.74","1.69","1.41","0.56","0.08","0.15","0.07","0.22","40.8","119.1","252.6","325.3","390.4","449.9","516.6","590.6","672.2","","","",""
"Conventional Heavy","CHV","2015-08-05","CHV-775","Superior","932.9","20.1","3.68","9.9","","1.05","25.4","58","135","","0.09","1.94","5.17","3.7","2.59","1.93","1.4","0.65","0.12","0.21","0.05","0.24","0.05","1.21","3.48","2.63","1.91","1.46","1.08","0.51","0.11","0.2","0.05","0.22","45.2","119.4","265.8","342.2","411.5","475.5","548.9","631.5","713.3","","","",""
"Conventional Heavy","CHV","2015-07-30","CHV-784","Superior","934.9","19.7","4.12","9.5","104.7","1.1","","58","154","","0.07","1.71","3.71","3.31","2.77","2.62","2.07","0.93","0.1","0.24","0.09","0.36","0.04","1.07","2.49","2.35","2.04","1.98","1.6","0.73","0.09","0.22","0.08","0.33","66.9","134.6","252","329","401.5","469.9","546","631.2","713.3","","","",""
"Conventional Heavy","CHV","2015-07-05","CHV-763","Superior","933.8","19.9","4.24","9","","1.11","","55","147","","0.11","2.16","2.69","2.94","2.92","2.99","2.36","1.02","0.1","0.28","0.11","0.44","0.06","1.35","1.81","2.09","2.15","2.26","1.82","0.8","0.09","0.26","0.1","0.41","80.3","147.6","249.3","320.6","389.1","454.9","525.8","606.3","687.6","","","",""
"Conventional Heavy","CHV","2015-06-10","CHV-717","Superior","928.1","20.8","3.71","9.2","229.8","1.04","","55","135","","0.07","2.13","4.67","3.74","3","2.58","1.81","0.84","0.13","0.31","0.09","0.39","0.04","1.34","3.16","2.67","2.22","1.96","1.41","0.66","0.12","0.29","0.08","0.36","39.7","110.3","245.8","323.9","392.4","457.8","533.2","616.9","709.7","","","",""
"Conventional Heavy","CHV","2015-06-06","CHV-618","Superior","931.6","20.3","4.06","9","","1.15","10.6","57","150","","0.11","1.95","3.37","3.43","3.21","3.13","2.22","1","0.12","0.33","0.12","0.48","0.06","1.22","2.27","2.44","2.37","2.37","1.72","0.79","0.11","0.31","0.11","0.45","52.5","130.2","243.5","316.7","383.2","447.8","521.5","603","693.3","","","",""
"Conventional Heavy","CHV","2015-05-04","CHV-977","Superior","927","21","3.61","9.2","","1.02","","50","128","","0.11","2.48","4.81","3.72","2.97","2.62","1.93","0.88","0.12","0.29","0.1","0.36","0.06","1.56","3.26","2.66","2.2","2","1.5","0.7","0.11","0.27","0.09","0.34","41.2","110.6","240.8","319.3","387.6","450.8","521.1","599.5","691.3","","","",""
"Conventional Heavy","CHV","2015-04-09","CHV-803","Superior","926.5","21.1","3.82","9.3","","1.13","14.2","54","147","","0.11","2.18","5.15","4.04","3.18","2.82","2.05","0.83","0.13","0.29","0.1","0.38","0.06","1.37","3.49","2.89","2.36","2.15","1.6","0.66","0.12","0.27","0.09","0.36","62.6","121.9","242.4","318.6","386.4","450.3","516.7","593.4","676.9","","","",""
"Conventional Heavy","CHV","2015-04-08","CHV-837","Superior","925.4","21.3","3.25","9.6","325.4","1.06","","48","125","","0.09","1.99","6.49","4.34","2.8","2.21","1.68","0.69","0.14","0.23","0.07","0.27","0.05","1.25","4.4","3.11","2.08","1.69","1.31","0.55","0.13","0.22","0.07","0.25","47.5","113.5","253.9","330.6","398.8","460","526","602.8","687.4","","","",""
"Conventional Heavy","CHV","2015-03-20","CHV-711","Superior","924.8","21.4","2.87","9.4","","0.98","","42","107","","0.09","1.6","6.52","4.18","2.61","2.06","1.69","0.67","0.13","0.21","0.06","0.23","0.05","1.01","4.42","3","1.94","1.57","1.32","0.53","0.12","0.2","0.06","0.22","46.2","127.9","263","339.7","409.4","472.5","542.8","625.5","718.3","","","",""
"Conventional Heavy","CHV","2015-02-04","CHV-966","Superior","922.7","21.7","3.25","9.6","136.3","1.01","","49","116","","0.09","1.61","6.32","4.42","2.68","2.05","1.55","0.65","0.15","0.25","0.06","0.28","0.05","1.02","4.3","3.18","2","1.57","1.21","0.52","0.14","0.24","0.06","0.26","39.5","98.4","257.4","340.9","414.1","482","560.8","650.2","","","","",""
"Conventional Heavy","CHV","2015-02-03","CHV-969","Superior","923","21.7","3.54","9.2","","1.09","10","49","121","","0.14","2.08","5.55","4.2","2.9","2.42","1.77","0.76","0.14","0.28","0.08","0.34","0.07","1.31","3.78","3.02","2.16","1.85","1.38","0.6","0.13","0.26","0.08","0.32","56.1","130.6","253.7","331.6","401","464.1","535.7","616.1","700.5","","","",""
"Conventional Heavy","CHV","2015-01-05","CHV-774","Superior","926.4","21.1","3.94","9.2","","1.07","","57","147","","0.09","1.83","3.85","3.42","3.09","3.27","2.44","1.06","0.08","0.11","0.05","0.35","0.05","1.15","2.61","2.45","2.29","2.49","1.9","0.84","0.08","0.1","0.05","0.33","41.8","105.5","222.9","307.1","379.4","448.2","521.5","605.6","695.3","","","",""
"Conventional Heavy","CHV","2014-12-09","CHV-786","Superior","928.5","20.8","3.36","9.8","","1.02","","47","116","","0.09","2.07","6.44","3.86","2.32","1.71","1.38","0.62","0.11","0.17","0.05","0.15","0.05","1.3","4.36","2.76","1.72","1.3","1.07","0.49","0.1","0.16","0.05","0.14","46.6","143.4","268.5","344","400.2","471.7","540.3","618","706","","","",""
"Conventional Heavy","CHV","2014-11-19","CHV-903","Superior","930.5","20.4","3.52","9.8","","1.08","","49","124","","0.07","1.67","6.27","3.9","2.54","1.91","1.5","0.63","0.12","0.2","0.06","0.18","0.04","1.05","4.23","2.78","1.88","1.45","1.16","0.5","0.11","0.19","0.06","0.17","40.5","99.9","251","333.8","391.8","468.5","541.9","624.8","714.9","","","",""
"Conventional Heavy","CHV","2014-11-10","CHV-651","Superior","930.2","20.5","3.97","9.8","179.8","1.1","13.5","58","143","","0.07","1.74","6.57","4.43","2.98","2.08","1.32","0.56","0.16","0.29","0.06","0.29","0.04","1.09","4.43","3.16","2.2","1.58","1.02","0.44","0.15","0.27","0.06","0.27","39.2","98.7","262.2","347","415.7","492.6","571.4","655.1","","","","",""
"Conventional Heavy","CHV","2014-10-30","CHV-811","Superior","932.8","20.1","3.53","9.2","","1.05","","48","124","","0.07","1.61","5.5","3.28","2.31","1.99","1.69","0.7","0.08","0.14","0.07","0.17","0.04","1.01","3.7","2.33","1.7","1.51","1.31","0.55","0.08","0.13","0.07","0.16","43.4","135.1","256.5","336.4","401.7","475.2","553","640.8","","","","",""
"Conventional Heavy","CHV","2014-10-15","CHV-835","Superior","932.9","20.1","3.34","9.8","","1.01","","48","113","","0.07","2.11","6.1","3.14","1.97","1.56","1.28","0.55","0.07","0.11","0.04","0.12","0.04","1.32","4.1","2.23","1.45","1.18","0.99","0.43","0.07","0.1","0.04","0.11","39.6","124.1","265.9","345.2","409.1","479.5","553.9","638.8","","","","",""
"Conventional Heavy","CHV","2014-09-12","CHV-987","Superior","931.8","20.2","3.89","9.1","","","","56","145","","0.09","1.66","3.6","3.19","2.78","2.64","2.03","0.81","0.11","0.24","0.1","0.33","0.05","1.04","2.43","2.27","2.05","2","1.57","0.64","0.1","0.22","0.09","0.31","77.7","142.5","238.5","314.5","378.5","443","511.2","587.5","668.8","","","",""
"Conventional Heavy","CHV","2014-09-10","CHV-819","Superior","932.2","20.2","3.77","9.4","148.4","","14.3","55","140","","0.09","1.63","4.14","3.55","2.94","2.73","2.02","0.83","0.12","0.26","0.11","0.32","0.05","1.02","2.79","2.53","2.17","2.07","1.56","0.65","0.11","0.24","0.1","0.3","75.7","148.6","258.5","334.9","401.3","468.2","542.5","627.5","712","","","",""
"Conventional Heavy","CHV","2014-08-27","CHV-966","Superior","931.3","20.3","3.37","9.8","","1.24","15.6","50","119","","0.07","2.14","5.14","3.21","2.11","1.67","1.33","0.55","0.11","0.17","0.06","0.19","0.04","1.34","3.47","2.29","1.56","1.27","1.03","0.43","0.1","0.16","0.06","0.18","107","187","284.3","350.1","408.5","467.6","528.6","597.5","671.9","","","",""
"Conventional Heavy","CHV","2014-08-15","CHV-895","Superior","931.3","20.3","3.6","9.5","19.5","1.36","","53","134","","0.07","1.63","4.25","3.5","2.74","2.41","1.78","0.74","0.12","0.25","0.09","0.32","0.04","1.02","2.87","2.49","2.02","1.83","1.38","0.58","0.11","0.23","0.08","0.3","59.2","133.2","255.3","332.1","392.2","456.3","522.1","597.9","679.5","","","",""
"Conventional Heavy","CHV","2014-07-19","CHV-833","Superior","932.5","20.1","3.73","9.5","","1.03","","52","130","","0.07","1.49","4.89","3.7","2.62","2.26","1.62","0.85","0.13","0.22","0.09","0.26","0.04","0.93","3.29","2.63","1.93","1.71","1.25","0.67","0.12","0.21","0.08","0.24","88","159.5","273.4","350.3","419.9","490.7","567.2","651.6","","","","",""
"Conventional Heavy","CHV","2014-07-05","CHV-734","Superior","927.5","20.9","3.92","9.2","","1.11","","54","135","","0.04","1.36","3.95","3.55","2.9","2.7","1.92","0.97","0.13","0.26","0.11","0.32","0.02","0.86","2.68","2.54","2.15","2.06","1.49","0.77","0.12","0.24","0.1","0.3","56.3","136.5","260.9","344.2","416.5","491.8","573.8","664.4","","","","",""
"Conventional Heavy","CHV","2014-06-23","CHV-786","Superior","930.2","20.5","3.91","9.2","","1.17","","53","139","","0.07","1.7","3.92","3.45","2.86","2.67","1.92","0.99","0.14","0.28","0.11","0.35","0.04","1.07","2.65","2.46","2.11","2.03","1.49","0.78","0.13","0.26","0.1","0.33","69.5","137.9","251.4","329.7","401.8","468.7","545","633.2","","","","",""
"Conventional Heavy","CHV","2014-06-16","CHV-659","Superior","931.8","20.2","3.57","9.3","","1.05","","48","126","","0.07","1.52","5.15","3.88","2.67","2.18","1.56","0.81","0.15","0.26","0.09","0.29","0.04","0.95","3.47","2.76","1.97","1.65","1.21","0.64","0.14","0.24","0.08","0.27","60.5","132.4","262","339.7","411.1","477","552.9","639.4","","","","",""
"Conventional Heavy","CHV","2014-05-22","CHV-617","Superior","925.4","21.3","3.44","9.7","312.9","0.75","","50","121","ND","0.11","2.24","5.29","4.53","2.96","2.53","1.72","0.88","0.13","0.27","0.09","0.32","0.06","1.41","3.59","3.25","2.2","1.93","1.34","0.7","0.12","0.25","0.08","0.3","44.1","107","234.9","321.4","394.3","457.7","526.9","603.5","691.6","","","",""
"Conventional Heavy","CHV","2014-05-17","CHV-601","Superior","926.4","21.1","3.51","9.5","","0.91","15.9","54","137","","0.07","1.54","6.02","4.3","2.92","2.31","1.55","0.82","0.17","0.32","0.07","0.33","0.04","0.97","4.08","3.08","2.17","1.76","1.21","0.65","0.16","0.3","0.07","0.31","45.7","108.6","237","315.7","381.7","443.5","519","604.3","694.9","","","",""
